<?xml version="1.0" encoding="UTF-8"?>
<mule xmlns="http://www.mulesoft.org/schema/mule/core" xmlns:apikit="http://www.mulesoft.org/schema/mule/mule-apikit" xmlns:doc="http://www.mulesoft.org/schema/mule/documentation" xmlns:ee="http://www.mulesoft.org/schema/mule/ee/core" xmlns:http="http://www.mulesoft.org/schema/mule/http" xmlns:xsi="http://www.w3.org/2001/XMLSchema-instance" xsi:schemaLocation="http://www.mulesoft.org/schema/mule/core http://www.mulesoft.org/schema/mule/core/current/mule.xsd http://www.mulesoft.org/schema/mule/http http://www.mulesoft.org/schema/mule/http/current/mule-http.xsd http://www.mulesoft.org/schema/mule/mule-apikit http://www.mulesoft.org/schema/mule/mule-apikit/current/mule-apikit.xsd  http://www.mulesoft.org/schema/mule/ee/core http://www.mulesoft.org/schema/mule/ee/core/current/mule-ee.xsd">
    <apikit:config name="bookmyholiday-config" api="resource::0d41f6eb-a5cb-4a6b-b71d-e7a92fb0dcce:bookmyholiday:1.0.3:raml:zip:bookmyholiday.raml" outboundHeadersMapName="outboundHeaders" httpStatusVarName="httpStatus" />
	<flow name="bookmyholiday-main">
        <http:listener config-ref="bookmyholiday-httpListenerConfig" path="/api/*">
            <http:response statusCode="#[vars.httpStatus default 200]">
                <http:headers>#[vars.outboundHeaders default {}]</http:headers>
            </http:response>
            <http:error-response statusCode="#[vars.httpStatus default 500]">
                <http:body>#[payload]</http:body>
                <http:headers>#[vars.outboundHeaders default {}]</http:headers>
            </http:error-response>
        </http:listener>
        <apikit:router config-ref="bookmyholiday-config" />
        <error-handler>
            <on-error-propagate type="APIKIT:BAD_REQUEST">
                <ee:transform xsi:schemaLocation="http://www.mulesoft.org/schema/mule/ee/core http://www.mulesoft.org/schema/mule/ee/core/current/mule-ee.xsd">
                    <ee:message>
                        <ee:set-payload><![CDATA[%dw 2.0
output application/json
---
{message: "Bad request"}]]></ee:set-payload>
                    </ee:message>
                    <ee:variables>
                        <ee:set-variable variableName="httpStatus">400</ee:set-variable>
                    </ee:variables>
                </ee:transform>
            </on-error-propagate>
            <on-error-propagate type="APIKIT:NOT_FOUND">
                <ee:transform xsi:schemaLocation="http://www.mulesoft.org/schema/mule/ee/core http://www.mulesoft.org/schema/mule/ee/core/current/mule-ee.xsd">
                    <ee:message>
                        <ee:set-payload><![CDATA[%dw 2.0
output application/json
---
{message: "Resource not found"}]]></ee:set-payload>
                    </ee:message>
                    <ee:variables>
                        <ee:set-variable variableName="httpStatus">404</ee:set-variable>
                    </ee:variables>
                </ee:transform>
            </on-error-propagate>
            <on-error-propagate type="APIKIT:METHOD_NOT_ALLOWED">
                <ee:transform xsi:schemaLocation="http://www.mulesoft.org/schema/mule/ee/core http://www.mulesoft.org/schema/mule/ee/core/current/mule-ee.xsd">
                    <ee:message>
                        <ee:set-payload><![CDATA[%dw 2.0
output application/json
---
{message: "Method not allowed"}]]></ee:set-payload>
                    </ee:message>
                    <ee:variables>
                        <ee:set-variable variableName="httpStatus">405</ee:set-variable>
                    </ee:variables>
                </ee:transform>
            </on-error-propagate>
            <on-error-propagate type="APIKIT:NOT_ACCEPTABLE">
                <ee:transform xsi:schemaLocation="http://www.mulesoft.org/schema/mule/ee/core http://www.mulesoft.org/schema/mule/ee/core/current/mule-ee.xsd">
                    <ee:message>
                        <ee:set-payload><![CDATA[%dw 2.0
output application/json
---
{message: "Not acceptable"}]]></ee:set-payload>
                    </ee:message>
                    <ee:variables>
                        <ee:set-variable variableName="httpStatus">406</ee:set-variable>
                    </ee:variables>
                </ee:transform>
            </on-error-propagate>
            <on-error-propagate type="APIKIT:UNSUPPORTED_MEDIA_TYPE">
                <ee:transform xsi:schemaLocation="http://www.mulesoft.org/schema/mule/ee/core http://www.mulesoft.org/schema/mule/ee/core/current/mule-ee.xsd">
                    <ee:message>
                        <ee:set-payload><![CDATA[%dw 2.0
output application/json
---
{message: "Unsupported media type"}]]></ee:set-payload>
                    </ee:message>
                    <ee:variables>
                        <ee:set-variable variableName="httpStatus">415</ee:set-variable>
                    </ee:variables>
                </ee:transform>
            </on-error-propagate>
            <on-error-propagate type="APIKIT:NOT_IMPLEMENTED">
                <ee:transform xsi:schemaLocation="http://www.mulesoft.org/schema/mule/ee/core http://www.mulesoft.org/schema/mule/ee/core/current/mule-ee.xsd">
                    <ee:message>
                        <ee:set-payload><![CDATA[%dw 2.0
output application/json
---
{message: "Not Implemented"}]]></ee:set-payload>
                    </ee:message>
                    <ee:variables>
                        <ee:set-variable variableName="httpStatus">501</ee:set-variable>
                    </ee:variables>
                </ee:transform>
            </on-error-propagate>
			<on-error-propagate enableNotifications="true" logException="true" doc:name="On Error Propagate" doc:id="b62baf02-bc5d-493b-9f44-57de9f10af7f" type="FLIGHT:INVALID_FLIGHTDETAILS">
				<ee:transform doc:name="Transform Message" doc:id="ebc3198a-5c8a-422e-b42f-4b7157cf714a" >
					<ee:message >
						<ee:set-payload ><![CDATA[%dw 2.0
output application/json
---
{message: "Invalid flight details. Please enter valid flight details"}]]></ee:set-payload>
					</ee:message>
				</ee:transform>
			</on-error-propagate>
			<on-error-propagate enableNotifications="true" logException="true" doc:name="On Error Propagate" doc:id="d0c8650c-70a8-41ad-a6b4-c43c3d6e34f4" type="FLIGHT:INVALID_REFRENCEID">
				<ee:transform doc:name="Transform Message" doc:id="8c16d02b-207d-470e-ab70-2f38cf290e48" >
					<ee:message >
						<ee:set-payload ><![CDATA[%dw 2.0
output application/json
---
{message: "Invalid RefrenceID. Please enter valid RefrenceID"}]]></ee:set-payload>
					</ee:message>
				</ee:transform>
			</on-error-propagate>
			<on-error-propagate enableNotifications="true" logException="true" doc:name="On Error Propagate" doc:id="56a774ff-929f-4ffd-a587-ff64ef66d89e" type="CAB:INVALID_CABNUMBER">
				<ee:transform doc:name="Transform Message" doc:id="94d81e85-a8dc-406e-90ea-21439cdeff4a" >
					<ee:message >
						<ee:set-payload ><![CDATA[%dw 2.0
output application/json
---
{message: "Invalid Cab Number. Please enter valid Cab Number"}]]></ee:set-payload>
					</ee:message>
				</ee:transform>
			</on-error-propagate>
			<on-error-propagate enableNotifications="true" logException="true" doc:name="On Error Propagate" doc:id="4d499e19-ff32-4574-9cec-501d27482a26" type="CAB:INVALID_REFRENCEID">
				<ee:transform doc:name="Transform Message" doc:id="7f2cd25c-ab2c-4713-b5fc-41ba1de8eaec" >
					<ee:message >
						<ee:set-payload ><![CDATA[%dw 2.0
output application/json
---
{message: "Invalid Cab RefrenceID. Please enter valid RefrenceID"}]]></ee:set-payload>
					</ee:message>
				</ee:transform>
			</on-error-propagate>
        </error-handler>
    </flow>
    <flow name="bookmyholiday-console">
        <http:listener config-ref="bookmyholiday-httpListenerConfig" path="/console/*">
            <http:response statusCode="#[vars.httpStatus default 200]">
                <http:headers>#[vars.outboundHeaders default {}]</http:headers>
            </http:response>
            <http:error-response statusCode="#[vars.httpStatus default 500]">
                <http:body>#[payload]</http:body>
                <http:headers>#[vars.outboundHeaders default {}]</http:headers>
            </http:error-response>
        </http:listener>
        <apikit:console config-ref="bookmyholiday-config" />
        <error-handler>
            <on-error-propagate type="APIKIT:NOT_FOUND">
                <ee:transform xsi:schemaLocation="http://www.mulesoft.org/schema/mule/ee/core http://www.mulesoft.org/schema/mule/ee/core/current/mule-ee.xsd">
                    <ee:message>
                        <ee:set-payload><![CDATA[%dw 2.0
output application/json
---
{message: "Resource not found"}]]></ee:set-payload>
                    </ee:message>
                    <ee:variables>
                        <ee:set-variable variableName="httpStatus">404</ee:set-variable>
                    </ee:variables>
                </ee:transform>
            </on-error-propagate>
        </error-handler>
    </flow>
    <flow name="put:\flights\(ID):application\json:bookmyholiday-config">
        <ee:transform>
            <ee:variables>
                <ee:set-variable variableName="ID">attributes.uriParams.'ID'</ee:set-variable>
            </ee:variables>
        </ee:transform>
		<flow-ref doc:name="Flow Reference" doc:id="90683b1a-97c4-4f21-80ec-cd2c92bb0b7d" name="put:\flights\(ID)"/>
    </flow>
    <flow name="put:\cab\(ID):application\json:bookmyholiday-config">
        <ee:transform>
            <ee:variables>
                <ee:set-variable variableName="ID">attributes.uriParams.'ID'</ee:set-variable>
            </ee:variables>
        </ee:transform>
		<flow-ref doc:name="Flow Reference" doc:id="b3915436-ae25-4528-b40c-14b69a0042af" name="put:\cab\(ID)"/>
    </flow>
    <flow name="get:\cab:bookmyholiday-config">
		<flow-ref doc:name="Flow Reference" doc:id="609a79e1-797b-44fe-af4e-3a795d7f8a64" name="get\cab"/>
    </flow>
    <flow name="get:\flights:bookmyholiday-config">
        <flow-ref doc:name="Flow Reference" doc:id="ac6b5968-ca0b-408e-89b4-8a1cd34a9d55" name="get\flights" />
    </flow>
    <flow name="get:\cab\(ID):bookmyholiday-config">
        <ee:transform>
            <ee:variables>
                <ee:set-variable variableName="ID">attributes.uriParams.'ID'</ee:set-variable>
            </ee:variables>
        </ee:transform>
		<flow-ref doc:name="Flow Reference" doc:id="529bda5b-5344-41bb-b413-086e8bbd0cda" name="get:\cab\(ID)"/>
    </flow>
    <flow name="get:\flights\(ID):bookmyholiday-config">
        <ee:transform>
            <ee:variables>
                <ee:set-variable variableName="ID">attributes.uriParams.'ID'</ee:set-variable>
            </ee:variables>
        </ee:transform>
		<flow-ref doc:name="Flow Reference" doc:id="1608e696-1432-40f8-b256-2ac7ba8b154b" name="get:\flights\(ID)"/>
    </flow>
    <flow name="post:\cab:application\json:bookmyholiday-config">
		<flow-ref doc:name="Flow Reference" doc:id="faa46cd5-e73d-460c-ade1-f172833ace64" name="post\cab"/>
    </flow>
    <flow name="post:\flights:application\json:bookmyholiday-config">
        <flow-ref doc:name="Flow Reference" doc:id="6734dc04-e287-4baf-a489-b08b86cf3d52" name="post\flights" />
    </flow>
	<flow name="cabpartnerflowtrigger" doc:id="14739090-cfa4-4f34-9920-a59bf422d9df" >
		<scheduler doc:name="Scheduler" doc:id="3bcf416c-bec3-4111-9915-89aee6f55ae6" >
			<scheduling-strategy >
				<fixed-frequency frequency="${scheduler.frequencyinmin}" timeUnit="MINUTES"/>
			</scheduling-strategy>
		</scheduler>
		<logger level="INFO" doc:name="Logger" doc:id="a04f1c99-0753-446e-a5a4-8bac2308d434" message='#["Schedular started for cab partner"]'/>
		<http:request method="GET" doc:name="Request" doc:id="a3f570dc-afeb-4d4e-a55d-f54da784de5e" config-ref="HTTP_Request_configuration" path="/cabbooking"/>
		<logger level="INFO" doc:name="Logger" doc:id="01760bde-b29b-4bee-ac4a-87e130dc96df" message="#[payload]"/>
	</flow>
</mule>
