<?xml version="1.0" encoding="UTF-8"?>

<mule xmlns:s3="http://www.mulesoft.org/schema/mule/s3" xmlns:ee="http://www.mulesoft.org/schema/mule/ee/core"
	xmlns:db="http://www.mulesoft.org/schema/mule/db"
	xmlns:http="http://www.mulesoft.org/schema/mule/http" xmlns="http://www.mulesoft.org/schema/mule/core" xmlns:doc="http://www.mulesoft.org/schema/mule/documentation" xmlns:xsi="http://www.w3.org/2001/XMLSchema-instance" xsi:schemaLocation="http://www.mulesoft.org/schema/mule/core http://www.mulesoft.org/schema/mule/core/current/mule.xsd
http://www.mulesoft.org/schema/mule/http http://www.mulesoft.org/schema/mule/http/current/mule-http.xsd
http://www.mulesoft.org/schema/mule/db http://www.mulesoft.org/schema/mule/db/current/mule-db.xsd
http://www.mulesoft.org/schema/mule/ee/core http://www.mulesoft.org/schema/mule/ee/core/current/mule-ee.xsd
http://www.mulesoft.org/schema/mule/s3 http://www.mulesoft.org/schema/mule/s3/current/mule-s3.xsd">
	<flow name="cabpartnerFlow" doc:id="9352170c-5b36-42e7-b634-1c2a2b75df13" >
		<http:listener doc:name="Listener" doc:id="e5d396fb-f471-40b8-8a85-d0a0ce05ae91" config-ref="bookmyholiday-httpListenerConfig" path="/cabbooking"/>
		<scatter-gather doc:name="Scatter-Gather" doc:id="63bfcd09-a222-45d3-b910-74597f0247bd" >
			<route >
				<flow-ref doc:name="Ola Cab Flow" doc:id="6c12376d-da6f-4b8a-941c-ea07437f993b" name="olaflow"/>
			</route>
			<route >
				<flow-ref doc:name="Uber Cab Flow" doc:id="370e52c4-4ec7-4116-824a-11da48b6e235" name="uberflow"/>
			</route>
		</scatter-gather>
		<ee:transform doc:name="Response Message" doc:id="613d43ef-9dac-4994-beb9-2b13448ce23e" >
			<ee:message >
				<ee:set-payload ><![CDATA[%dw 2.0
output application/json
---
{
	"message":"File Placed"
}]]></ee:set-payload>
			</ee:message>
		</ee:transform>
	</flow>
	<s3:config name="Amazon_S3_Configuration" doc:name="Amazon S3 Configuration" doc:id="b840c9b1-f0d1-43fa-8253-2a29cd187ac9" >
		<s3:basic-connection accessKey="${secure::aws.accesskey}" secretKey="${secure::aws.secretkey}" region="AP_SOUTH_1" />
	</s3:config>
	<flow name="olaflow" doc:id="2a91eb57-bdb3-4396-b10b-a7b33b71fe4a" >
		<db:select doc:name="Select OLA Cab" doc:id="6e874071-6737-434a-9ef6-e2cf5320617b" config-ref="Database_Config" >
			<db:sql ><![CDATA[select 
    name , phonenumber ,pickupaddress ,	dropoffaddress , email , date , gender , bookingstats , postcab.cabnumber ,	postcab.pickuptime , refrenceid , cabprovider from postcab 
	LEFT JOIN cabdetails 
	on postcab.cabnumber=cabdetails.cabnumber and postcab.bookingstats=cabdetails.bookingstatus where cabprovider = 'ola' ;]]></db:sql>
		</db:select>
		<ee:transform doc:name="OLA Cab Transform" doc:id="569b048d-a94e-433a-a0b3-67e70765dc52" >
			<ee:message >
				<ee:set-payload ><![CDATA[%dw 2.0
output application/csv quoteValues=true
---
payload map ( payload01 , indexOfPayload01 ) ->
{
	"Name":payload01.name,
	"Email":payload01.email,
	"PhoneNumber":payload01.phonenumber,
	"DepartureDate":payload01.date,
	"Origin":payload01.pickupaddress,
	"Destination":payload01.dropoffaddress,
	"BookingStatus": payload01.bookingstats,
	"CabNumber": payload01.cabnumber,
	"PickupTime": payload01.pickuptime,
	"Cabprovider" : payload01.cabprovider
}
]]></ee:set-payload>
			</ee:message>
		</ee:transform>
		<s3:create-object doc:name="OLA file S3" doc:id="da594e46-7239-4a79-9ff6-de24c59fa3e4" config-ref="Amazon_S3_Configuration" bucketName="cabbookingpartners" key="ola.csv" />
		<error-handler >
			<on-error-continue enableNotifications="true" logException="true" doc:name="On Error Continue" doc:id="05f9c95c-b1c4-4a61-9973-3caf3244bc54" type="DB:BAD_SQL_SYNTAX, DB:QUERY_EXECUTION, S3:ACCESS_DENIED, S3:ACCOUNT_PROBLEM, S3:AMBIGUOUS_GRANT_BY_EMAIL_ADDRESS, S3:BAD_DIGEST, S3:BUCKET_ALREADY_EXISTS, S3:BUCKET_ALREADY_OWNED_BY_YOU, S3:BUCKET_NOT_EMPTY, S3:CONNECTIVITY, S3:CREDENTIALS_NOT_SUPPORTED, S3:CROSS_LOCATION_LOGGING_PROHIBITED, S3:ENTITY_TOO_LARGE, S3:ENTITY_TOO_SMALL, S3:EXPIRED_TOKEN, S3:ILLEGAL_VERSIONING_CONFIGURATION_EXCEPTION, S3:INCOMPLETE_BODY, S3:INCORRECT_NUMBER_OF_FILES_IN_POST_REQUEST, S3:INLINE_DATA_TOO_LARGE, S3:INTERNAL_ERROR, S3:INVALID_ACCESS_KEY_ID, S3:INVALID_ADDRESSING_HEADER, S3:INVALID_ARGUMENT, S3:INVALID_BUCKET_NAME, S3:INVALID_BUCKET_STATE, S3:INVALID_DIGEST, S3:INVALID_ENCRYPTION_ALGORITHM_ERROR, S3:INVALID_LOCATION_CONSTRAINT, S3:INVALID_OBJECT_STATE, S3:INVALID_PART, S3:INVALID_PART_ORDER, S3:INVALID_PAYER, S3:INVALID_POLICY_DOCUMENT, S3:INVALID_RANGE, S3:INVALID_REQUEST, S3:INVALID_RESPONSE_PRESIGNEDURL_MALFORMED, S3:INVALID_SECURITY, S3:INVALID_SOAP_REQUEST, S3:INVALID_STORAGE_CLASS, S3:INVALID_TARGET_BUCKET_FOR_LOGGING, S3:INVALID_TOKEN, S3:INVALID_URI, S3:KEY_TOO_LONG, S3:MALFORMED_ACL_ERROR, S3:MALFORMED_POST_REQUEST, S3:MALFORMED_XML, S3:MAX_MESSAGE_LENGTH_EXCEEDED, S3:MAX_POST_PRE_DATA_LENGTH_EXCEEDED_ERROR, S3:METADATA_TOO_LARGE, S3:METHOD_NOT_ALLOWED, S3:MISSING_ATTACHMENT, S3:MISSING_CONTENT_LENGTH, S3:MISSING_REQUEST_BODY_ERROR, S3:MISSING_SECURITY_ELEMENT, S3:MISSING_SECURITY_HEADER, S3:NOT_IMPLEMENTED, S3:NOT_SIGNED_UP, S3:NO_LOGGING_STATUS_FOR_KEY, S3:NO_SUCH_BUCKET, S3:NO_SUCH_BUCKET_POLICY, S3:NO_SUCH_KEY, S3:NO_SUCH_LIFECYCLE_CONFIGURATION, S3:NO_SUCH_UPLOAD, S3:NO_SUCH_VERSION, S3:OPERATION_ABORTED, S3:PERMANENT_REDIRECT, S3:PRECONDITION_FAILED, S3:REDIRECT, S3:REQUEST_IS_NOT_MULTI_PART_CONTENT, S3:REQUEST_TIMEOUT, S3:REQUEST_TIME_TOO_SKEWED, S3:REQUEST_TORRENT_OF_BUCKET_ERROR, S3:RESTORE_ALREADY_IN_PROGRESS, S3:RETRY_EXHAUSTED, S3:SERVICE_UNAVAILABLE, S3:SIGNATURE_DOES_NOT_MATCH, S3:SLOW_DOWN, S3:TEMPORARY_REDIRECT, S3:TOKEN_REFRESH_REQUIRED, S3:TOO_MANY_BUCKETS, S3:UNEXPECTED_CONTENT, S3:UNKNOWN, S3:UNRESOLVABLE_GRANT_BY_EMAIL_ADDRESS, S3:USER_KEY_MUST_BE_SPECIFIED, EXPRESSION, STREAM_MAXIMUM_SIZE_EXCEEDED">
				<ee:transform doc:name="Transform Message" doc:id="a4b2299e-f729-4acc-b6d3-ac3459be7cd2" >
					<ee:message >
						<ee:set-payload ><![CDATA[%dw 2.0
output application/json
---
{
	'message': error.description
}]]></ee:set-payload>
					</ee:message>
				</ee:transform>
				<logger level="INFO" doc:name="Logger" doc:id="1532e786-5fcc-4338-adfd-684730b4db3a" message="#[payload]"/>
			</on-error-continue>
			<on-error-propagate enableNotifications="true" logException="true" doc:name="On Error Propagate" doc:id="f0c53175-43ba-4473-af29-5ca07c04c12e" type="DB:CONNECTIVITY">
				<ee:transform doc:name="Transform Message" doc:id="32444fc4-0921-480d-8c57-abe3504d5452" >
					<ee:message >
						<ee:set-payload ><![CDATA[%dw 2.0
output application/json
---
{
	'message': error.description
}]]></ee:set-payload>
					</ee:message>
				</ee:transform>
				<logger level="INFO" doc:name="Logger" doc:id="3f546870-18ef-4e20-95e1-5f13d7059acf" message="#[payload]"/>
			</on-error-propagate>
		</error-handler>
	</flow>
	<flow name="uberflow" doc:id="5ead6983-ac7e-40eb-bd64-847ccc4ce42f" >
		<db:select doc:name="Select UBER Cab" doc:id="76fd53a1-02a9-4e5d-afe6-290aeb4476c3" config-ref="Database_Config" >
			<db:sql ><![CDATA[select 
    name , phonenumber ,pickupaddress ,	dropoffaddress , email , date , gender , bookingstats , postcab.cabnumber ,	postcab.pickuptime , refrenceid , cabprovider from postcab 
	LEFT JOIN cabdetails 
	on postcab.cabnumber=cabdetails.cabnumber and postcab.bookingstats=cabdetails.bookingstatus where cabprovider = 'uber' ;]]></db:sql>
		</db:select>
		<ee:transform doc:name="UBER CabTransform" doc:id="1c0990f1-ee06-4b38-bf5b-b439e70c4c7d" >
			<ee:message >
				<ee:set-payload ><![CDATA[%dw 2.0
output application/csv quoteValues=true
---
payload map ( payload01 , indexOfPayload01 ) ->
{
	"Name":payload01.name,
	"Email":payload01.email,
	"PhoneNumber":payload01.phonenumber,
	"DepartureDate":payload01.date,
	"Origin":payload01.pickupaddress,
	"Destination":payload01.dropoffaddress,
	"BookingStatus": payload01.bookingstats,
	"CabNumber": payload01.cabnumber,
	"PickupTime": payload01.pickuptime,
	"Cabprovider" : payload01.cabprovider
}]]></ee:set-payload>
			</ee:message>
		</ee:transform>
		<s3:create-object doc:name="UBER file S3" doc:id="f512989f-c03e-4ee5-aa95-7e290643eefd" config-ref="Amazon_S3_Configuration" bucketName="cabbookingpartners" key="uber.csv" />
		<error-handler >
			<on-error-continue enableNotifications="true" logException="true" doc:name="On Error Continue" doc:id="b84cfc6d-e60e-4cab-83e0-c52fe1fdcad8" type="DB:BAD_SQL_SYNTAX, DB:QUERY_EXECUTION, S3:ACCESS_DENIED, S3:ACCOUNT_PROBLEM, S3:AMBIGUOUS_GRANT_BY_EMAIL_ADDRESS, S3:BAD_DIGEST, S3:BUCKET_ALREADY_EXISTS, S3:BUCKET_ALREADY_OWNED_BY_YOU, S3:BUCKET_NOT_EMPTY, S3:CONNECTIVITY, S3:CREDENTIALS_NOT_SUPPORTED, S3:CROSS_LOCATION_LOGGING_PROHIBITED, S3:ENTITY_TOO_LARGE, S3:ENTITY_TOO_SMALL, S3:EXPIRED_TOKEN, S3:ILLEGAL_VERSIONING_CONFIGURATION_EXCEPTION, S3:INCOMPLETE_BODY, S3:INCORRECT_NUMBER_OF_FILES_IN_POST_REQUEST, S3:INLINE_DATA_TOO_LARGE, S3:INTERNAL_ERROR, S3:INVALID_ACCESS_KEY_ID, S3:INVALID_ADDRESSING_HEADER, S3:INVALID_ARGUMENT, S3:INVALID_BUCKET_NAME, S3:INVALID_BUCKET_STATE, S3:INVALID_DIGEST, S3:INVALID_ENCRYPTION_ALGORITHM_ERROR, S3:INVALID_LOCATION_CONSTRAINT, S3:INVALID_OBJECT_STATE, S3:INVALID_PART, S3:INVALID_PART_ORDER, S3:INVALID_PAYER, S3:INVALID_POLICY_DOCUMENT, S3:INVALID_RANGE, S3:INVALID_REQUEST, S3:INVALID_RESPONSE_PRESIGNEDURL_MALFORMED, S3:INVALID_SECURITY, S3:INVALID_SOAP_REQUEST, S3:INVALID_STORAGE_CLASS, S3:INVALID_TARGET_BUCKET_FOR_LOGGING, S3:INVALID_TOKEN, S3:INVALID_URI, S3:KEY_TOO_LONG, S3:MALFORMED_ACL_ERROR, S3:MALFORMED_POST_REQUEST, S3:MALFORMED_XML, S3:MAX_MESSAGE_LENGTH_EXCEEDED, S3:MAX_POST_PRE_DATA_LENGTH_EXCEEDED_ERROR, S3:METADATA_TOO_LARGE, S3:METHOD_NOT_ALLOWED, S3:MISSING_ATTACHMENT, S3:MISSING_CONTENT_LENGTH, S3:MISSING_REQUEST_BODY_ERROR, S3:MISSING_SECURITY_ELEMENT, S3:MISSING_SECURITY_HEADER, S3:NOT_IMPLEMENTED, S3:NOT_SIGNED_UP, S3:NO_LOGGING_STATUS_FOR_KEY, S3:NO_SUCH_BUCKET, S3:NO_SUCH_BUCKET_POLICY, S3:NO_SUCH_KEY, S3:NO_SUCH_LIFECYCLE_CONFIGURATION, S3:NO_SUCH_UPLOAD, S3:NO_SUCH_VERSION, S3:OPERATION_ABORTED, S3:PERMANENT_REDIRECT, S3:PRECONDITION_FAILED, S3:REDIRECT, S3:REQUEST_IS_NOT_MULTI_PART_CONTENT, S3:REQUEST_TIMEOUT, S3:REQUEST_TIME_TOO_SKEWED, S3:REQUEST_TORRENT_OF_BUCKET_ERROR, S3:RESTORE_ALREADY_IN_PROGRESS, S3:RETRY_EXHAUSTED, S3:SERVICE_UNAVAILABLE, S3:SIGNATURE_DOES_NOT_MATCH, S3:SLOW_DOWN, S3:TEMPORARY_REDIRECT, S3:TOKEN_REFRESH_REQUIRED, S3:TOO_MANY_BUCKETS, S3:UNEXPECTED_CONTENT, S3:UNKNOWN, S3:UNRESOLVABLE_GRANT_BY_EMAIL_ADDRESS, S3:USER_KEY_MUST_BE_SPECIFIED, EXPRESSION, STREAM_MAXIMUM_SIZE_EXCEEDED" >
				<ee:transform doc:name="Transform Message" doc:id="8cada077-9238-4f28-882d-4ba8766386a9" >
					<ee:message >
						<ee:set-payload ><![CDATA[%dw 2.0
output application/json
---
{
	'message': error.description
}]]></ee:set-payload>
					</ee:message>
				</ee:transform>
				<logger level="INFO" doc:name="Logger" doc:id="3e0ec60e-324f-4bf2-8b42-c0cd170e1e5f" message="#[payload]" />
			</on-error-continue>
			<on-error-propagate enableNotifications="true" logException="true" doc:name="On Error Propagate" doc:id="441a75df-43a9-4183-9899-459a9bfd8c87" type="DB:CONNECTIVITY" >
				<ee:transform doc:name="Transform Message" doc:id="15a53c52-42c0-4c69-b14b-b047d9e0032c" >
					<ee:message >
						<ee:set-payload ><![CDATA[%dw 2.0
output application/json
---
{
	'message': error.description
}]]></ee:set-payload>
					</ee:message>
				</ee:transform>
				<logger level="INFO" doc:name="Logger" doc:id="502545fa-03d5-4232-8081-aa2ea73fdd63" message="#[payload]" />
			</on-error-propagate>
		</error-handler>
	</flow>
</mule>
