<?xml version="1.0" encoding="UTF-8"?>

<mule xmlns:db="http://www.mulesoft.org/schema/mule/db"
	xmlns:secure-properties="http://www.mulesoft.org/schema/mule/secure-properties"
	xmlns:http="http://www.mulesoft.org/schema/mule/http" xmlns="http://www.mulesoft.org/schema/mule/core"
	xmlns:doc="http://www.mulesoft.org/schema/mule/documentation"
	xmlns:xsi="http://www.w3.org/2001/XMLSchema-instance" xsi:schemaLocation="
http://www.mulesoft.org/schema/mule/db http://www.mulesoft.org/schema/mule/db/current/mule-db.xsd 
http://www.mulesoft.org/schema/mule/http http://www.mulesoft.org/schema/mule/http/current/mule-http.xsd http://www.mulesoft.org/schema/mule/core http://www.mulesoft.org/schema/mule/core/current/mule.xsd
http://www.mulesoft.org/schema/mule/secure-properties http://www.mulesoft.org/schema/mule/secure-properties/current/mule-secure-properties.xsd">
	    <http:listener-config name="bookmyholiday-httpListenerConfig">
        <http:listener-connection host="0.0.0.0" port="${http.port}" />
    </http:listener-config>
	<secure-properties:config name="Secure_Properties_Config" doc:name="Secure Properties Config" doc:id="0d3a2026-c11a-41c9-92c6-dc560d42d3da" file="dev.yaml" key="mulesoft12345678" />
    <db:config name="Database_Config" doc:name="Database Config" doc:id="dbc6c6e1-8709-4779-96ff-c0bc9d038063" >
		<db:generic-connection url="${secure::db.url}" driverClassName="${db.driver}" user="${secure::db.user}" password="${secure::db.password}" />
	</db:config>
	<configuration-properties doc:name="Configuration properties" doc:id="ac19d8b1-ba31-4f37-afaf-9f32fc18b092" file="${env}.yaml" />
	<global-property doc:name="Global Property" doc:id="5ba69532-afb4-4b74-a2c3-a5c9988b3297" name="env" value="dev" />
<http:request-config name="HTTP_Request_configuration" doc:name="HTTP Request configuration" doc:id="ed181f93-e291-4611-a28e-53947efbcfeb" >
		<http:request-connection host="localhost" port="8081" />
	</http:request-config>

</mule>
