<?xml version="1.0" encoding="UTF-8"?>

<mule xmlns:validation="http://www.mulesoft.org/schema/mule/validation" xmlns:db="http://www.mulesoft.org/schema/mule/db"
	xmlns:ee="http://www.mulesoft.org/schema/mule/ee/core"
	xmlns="http://www.mulesoft.org/schema/mule/core" xmlns:doc="http://www.mulesoft.org/schema/mule/documentation" xmlns:xsi="http://www.w3.org/2001/XMLSchema-instance" xsi:schemaLocation="http://www.mulesoft.org/schema/mule/core http://www.mulesoft.org/schema/mule/core/current/mule.xsd
http://www.mulesoft.org/schema/mule/ee/core http://www.mulesoft.org/schema/mule/ee/core/current/mule-ee.xsd
http://www.mulesoft.org/schema/mule/db http://www.mulesoft.org/schema/mule/db/current/mule-db.xsd
http://www.mulesoft.org/schema/mule/validation http://www.mulesoft.org/schema/mule/validation/current/mule-validation.xsd">
	<validation:config name="Validation_Config" doc:name="Validation Config" doc:id="a543071e-4ce6-4000-b6a6-3535ee042958" i18n='#[vars.vardelete != "0"]' />
	
	<flow name="get\flights" doc:id="a0dd09ba-b4b5-47fe-a264-6443ee97d419" >
		<logger level="INFO" doc:name="Get All Flights Started" doc:id="1cb7ccc4-0233-4b87-9a06-33c6aac6d961" message="Get All Flights Started"/>
		<ee:transform doc:name="Transform Get Request" doc:id="4a408226-aa1e-4af2-96cc-18be96296762" >
			<ee:message >
				<ee:set-payload ><![CDATA[%dw 2.0
import * from dw::core::Strings
output application/json
---
{
	source: capitalize(attributes.queryParams.from),
	destination: capitalize(attributes.queryParams.to),
	date: attributes.queryParams.date,
	travellers: attributes.queryParams.travellers as String
}]]></ee:set-payload>
			</ee:message>
		</ee:transform>
		<flow-ref doc:name="SelectDB" doc:id="ed8ee698-c40f-41a6-adb7-934af034d82e" name="get\flightsDB"/>
		<logger level="INFO" doc:name="Get All Flights Ended" doc:id="9d1eb187-3a21-4e7a-95a5-19a174c3e389" message="Get All Flights Ended"/>
		<error-handler >
			<on-error-propagate enableNotifications="true" logException="true" doc:name="On Error Propagate" doc:id="50f941ba-5276-42a9-927a-793566538409" type="ANY">
				<ee:transform doc:name="Transform Error Desc" doc:id="b9c74963-2558-4d38-ab2a-b1d8978aebd5" >
					<ee:message >
						<ee:set-payload ><![CDATA[%dw 2.0
output application/json
---
{
	'message': error.description
}]]></ee:set-payload>
					</ee:message>
				</ee:transform>
				<logger level="INFO" doc:name="Logger" doc:id="13a09276-ab55-4686-950a-b975f6327db9" message="#[payload]"/>
			</on-error-propagate>
		</error-handler>
	</flow>
	<flow name="get:\flights\(ID)" doc:id="5663171d-dd77-448c-a217-0baa014c8a2e" >
		<flow-ref doc:name="SelectFlightByID" doc:id="3437fe1a-0ff2-4e5b-8d38-f9640861fb0a" name="get:\flightsDB\(ID)"/>
		<ee:transform doc:name="Response Message" doc:id="80a08dcb-0c49-41db-8a3c-e981664e4c7a" >
			<ee:message >
				<ee:set-payload ><![CDATA[%dw 2.0
output application/json
---
payload map ( payload01 , indexOfPayload01 ) ->
{
	"Name":payload01.name,
	"Email":payload01.email,
	"PhoneNumber":payload01.phonenumber,
	"DepartureDate":payload01.departuredate as Date {format:"yyyy-MM-dd"},
	"Origin":payload01.origin,
	"Destination":payload01.destination,
	"Passengers":payload01.passengers,
	"FlightName": payload01.flightname,
	"FlightNumber": payload01.flightnumber
}]]></ee:set-payload>
			</ee:message>
		</ee:transform>
		<error-handler >
			<on-error-propagate enableNotifications="true" logException="true" doc:name="On Error Propagate" doc:id="5812fce8-9c6b-4898-bceb-4155ed4272b1" type="ANY">
				<ee:transform doc:name="Transform Error Desc" doc:id="9137bb69-d8ba-4408-bf6d-54d1f17a9ff8" >
					<ee:message >
						<ee:set-payload ><![CDATA[%dw 2.0
output application/json
---
{
	'message': error.description
}]]></ee:set-payload>
					</ee:message>
				</ee:transform>
				<logger level="INFO" doc:name="Logger" doc:id="51ea01d3-9180-4bcc-8ee5-03a8ea7aff5b" message="#[payload]"/>
			</on-error-propagate>
		</error-handler>
	</flow>
	<flow name="post\flights" doc:id="677b9f32-99d2-4a78-adf5-9acc8f1a8b0a">
		<set-variable value="#[randomInt(10000000)]" doc:name="UID" doc:id="d731a30f-3802-4a33-ae0c-b15a75fe34ff" variableName="refrenceid" />
		<ee:transform doc:name="Transform Message" doc:id="2470d55d-e019-4a5c-a731-d28c36d92767">
			<ee:message>
				<ee:set-payload><![CDATA[%dw 2.0
output application/json
---
{
	refrenceid: vars.refrenceid,
	Name: payload.Name,
	Email: payload.Email,
	phoneNumber: payload.phoneNumber  as Number,
	departureDate: payload.departureDate as Date {format:"dd-MM-yyyy"} as Date {format:"yyyy-MM-dd"},
	origin: payload.origin,
	destination: payload.destination,
	passengers: payload.passengers  as Number,
	flightname: payload.flightname,
	flightnumber: payload.flightnumber
}]]></ee:set-payload>
			</ee:message>
		</ee:transform>
		<set-variable value="#[payload.passengers  as Number]" doc:name="passengers" doc:id="23e81573-1287-4eb4-a0dd-353db47fcbc4" variableName="passengers" />
		<set-variable value="#[payload.flightnumber]" doc:name="flightnumber" doc:id="a1611425-2c73-4737-a1d8-e6eaa174d7cd" variableName="flightnumber" />
		<set-variable value="#[payload.departureDate as Date]" doc:name="departuredate" doc:id="00814c45-38f4-44c7-b870-955a362b58af" variableName="departuredate"/>
		<set-variable value="#[payload.origin]" doc:name="origin" doc:id="f7e94eba-ab98-478d-9967-686c8cffdacd" variableName="origin"/>
		<set-variable value="#[payload.destination]" doc:name="destination" doc:id="ea5ecc26-c29a-4ce5-8fe5-e18a572624de" variableName="destination"/>
		<flow-ref doc:name="PostFlightDB" doc:id="f2c0c969-1623-4c64-a705-8cf1b4518aa1" name="post\flightsDB"/>
		<logger level="INFO" doc:name="SuccessLogger" doc:id="c6550a69-7783-43e4-aede-03be4ef77199" message='#["Flight Booked Successfully"]' />
		<ee:transform doc:name="Transform Message" doc:id="72198cfb-b4c0-47fe-9d99-dc9b5128fa1a">
			<ee:message>
				<ee:set-payload><![CDATA[%dw 2.0
output application/json
---
{
	RefrenceID: vars.refrenceid as String,
	FlightNumber: vars.flightnumber,
	Message: "Flight Booked Sucessfully"
}]]></ee:set-payload>
			</ee:message>
		</ee:transform>
		<error-handler >
			<on-error-propagate enableNotifications="true" logException="true" doc:name="On Error Propagate" doc:id="5ea82af9-2f30-43a3-b571-9d3dc706bb20" type="ANY">
				<ee:transform doc:name="Transform Error Desc" doc:id="c7e06b30-cf6d-456e-bfba-cbcd77e96d99" >
					<ee:message >
						<ee:set-payload ><![CDATA[%dw 2.0
output application/json
---
{
	'message': error.description
}]]></ee:set-payload>
					</ee:message>
				</ee:transform>
				<logger level="INFO" doc:name="Logger" doc:id="c8c36dd8-62a7-4a41-8e00-9279b1355570" message="#[payload]"/>
			</on-error-propagate>
		</error-handler>
	</flow>
	<flow name="put:\flights\(ID)" doc:id="98d9cd4a-3b09-43b7-9951-af31b438fe85" >
		<try doc:name="Try" doc:id="92094bdd-c412-414f-9388-98e1af2a0109" >
			<db:select doc:name="SelectReferenceID" doc:id="5fa4fa40-aeff-44f5-bbc0-5fc28e0a9324" config-ref="Database_Config" target="verifyrefrenceidres" >
				<db:sql ><![CDATA[select refrenceid from flightbooking where  refrenceid =:id;]]></db:sql>
				<db:input-parameters ><![CDATA[#[{
	id:attributes.uriParams.ID
}]]]></db:input-parameters>
			</db:select>
			<set-variable value="#[attributes.uriParams.ID]" doc:name="Set Variable uriParams" doc:id="9bac1a33-90f8-4a3c-80d1-e70d7b58fd07" variableName="refrenceid" />
			<choice doc:name="Choice" doc:id="81ce39c3-8d2f-4582-85f6-d1d56932ddf0" >
				<when expression="#[vars.verifyrefrenceidres[0].refrenceid != null]" >
					<ee:transform doc:name="Transform Message" doc:id="b9102393-0dfc-49a0-8534-8159e350cae3" >
						<ee:message >
							<ee:set-payload ><![CDATA[%dw 2.0
output application/json
---
{
	Name: payload.Name,
	Email: payload.Email,
	phoneNumber: payload.phoneNumber,
	departureDate: payload.departureDate,
	origin: payload.origin,
	destination: payload.destination,
	passengers: payload.passengers,
	flightname: payload.flightname,
	flightnumber: payload.flightnumber
}]]></ee:set-payload>
						</ee:message>
					</ee:transform>
					<flow-ref doc:name="PostFlightFlow" doc:id="ae23d540-36b7-45f9-9326-f8c74baea773" name="post\flights" />
					<db:delete doc:name="Delete" doc:id="f16ea5f3-4caf-4c81-a1f0-288c863b55a4" config-ref="Database_Config" target="vardeletres" >
						<db:sql ><![CDATA[delete  from flightbooking where  refrenceid =:refrenceid;]]></db:sql>
						<db:input-parameters ><![CDATA[#[{
	refrenceid: vars.refrenceid
}]]]></db:input-parameters>
					</db:delete>
				</when>
				<otherwise >
					<raise-error doc:name="Raise error" doc:id="3e0a1f5c-4b2d-4dc8-8a39-aba040718e50" type="FLIGHT:INVALID_REFRENCEID" description="Invalid RefreceID " />
				</otherwise>
			</choice>
		</try>
		<error-handler >
			<on-error-propagate enableNotifications="true" logException="true" doc:name="On Error Propagate" doc:id="739510d9-6652-46f3-b62d-5fe6dffe861e" type="ANY">
				<ee:transform doc:name="Transform Error Desc" doc:id="584558c7-4753-4bd7-9437-d92e7568188b" >
					<ee:message >
						<ee:set-payload ><![CDATA[%dw 2.0
output application/json
---
{
	'message': error.description
}]]></ee:set-payload>
					</ee:message>
				</ee:transform>
				<logger level="INFO" doc:name="Logger" doc:id="4375771c-b937-485b-8b18-e1ff753146a2" message="#[payload]"/>
			</on-error-propagate>
		</error-handler>
	</flow>
	<flow name="get\cab" doc:id="9b25de3b-933f-4ac1-8d80-b2f3a762255d">
		<ee:transform doc:name="Transform Message" doc:id="929ce984-2628-477b-8d4f-58ce0f2f9812">
			<ee:message>
				<ee:set-payload><![CDATA[%dw 2.0
output application/json
---
{
	"pickupcity": attributes.queryParams.from,
	"dropcity": attributes.queryParams.to,
	"date": attributes.queryParams.date,
	"pickuptime": attributes.queryParams.pickupTime
}]]></ee:set-payload>
			</ee:message>
		</ee:transform>
		<flow-ref doc:name="GetCabDetails" doc:id="daa8b407-e100-4a5b-8f2d-5aa1db0ea419" name="get\cabDB"/>
		<error-handler >
			<on-error-propagate enableNotifications="true" logException="true" doc:name="On Error Propagate" doc:id="859d4699-61c4-4c6a-9afe-c52c97d510bc" type="ANY">
				<ee:transform doc:name="Transform Error Desc" doc:id="e1a5df3f-d7cf-4735-992b-250842b34ba8" >
					<ee:message >
						<ee:set-payload ><![CDATA[%dw 2.0
output application/json
---
{
	'message': error.description
}]]></ee:set-payload>
					</ee:message>
				</ee:transform>
				<logger level="INFO" doc:name="Logger" doc:id="941edade-6203-4da3-ac4d-f8e67f05223e" message="#[payload]"/>
			</on-error-propagate>
		</error-handler>
	</flow>
	<flow name="get:\cab\(ID)" doc:id="4a7c6e7b-cdc9-46e4-95da-0cfc3d8e2dce" >
		<flow-ref doc:name="GetCabDetailsByID" doc:id="6ac94394-9113-480b-9037-f4bc6000dbd0" name="get:\cabDB\(ID)"/>
		<ee:transform doc:name="Transform Message" doc:id="1e5d8cc3-a983-4019-a788-eb59114c59d2" >
			<ee:message >
				<ee:set-payload ><![CDATA[%dw 2.0
output application/json
---
payload map ( payload01 , indexOfPayload01 ) ->
{
	"Name":payload01.name,
	"Email":payload01.email,
	"PhoneNumber":payload01.phonenumber,
	"DepartureDate":payload01.date as Date {format:"yyyy-MM-dd"},
	"Origin":payload01.pickupaddress,
	"Destination":payload01.dropoffaddress,
	"BookingStatus": payload01.bookingstats,
	"CabNumber": payload01.cabnumber,
	"PickupTime": payload01.pickuptime as Time
}]]></ee:set-payload>
			</ee:message>
		</ee:transform>
		<error-handler >
			<on-error-propagate enableNotifications="true" logException="true" doc:name="On Error Propagate" doc:id="12a8d155-12c7-4b88-9cdb-edc580288da5" >
				<ee:transform doc:name="Transform Error Desc" doc:id="eef2f9d8-be1b-4e9b-930d-ba802a396dc0" >
					<ee:message >
						<ee:set-payload ><![CDATA[%dw 2.0
output application/json
---
{
	'message': error.description
}]]></ee:set-payload>
					</ee:message>
				</ee:transform>
				<logger level="INFO" doc:name="Logger" doc:id="6940b04b-1c8f-4a26-8f69-d4f4a0205b62" message="#[payload]"/>
			</on-error-propagate>
		</error-handler>
	</flow>
	<flow name="post\cab" doc:id="11b66b32-8231-4f7f-a03c-b05e37fed005" >
		<ee:transform doc:name="Transform Message" doc:id="f34c00cc-1e0b-4192-a70b-aa96a2248232" >
			<ee:message >
				<ee:set-payload ><![CDATA[%dw 2.0
output application/json
---
{
	Name: payload.Name,
	Email: payload.Email,
	phoneNumber: payload.phoneNumber as Number,
	departureDate: payload.departureDate,
	pickupaddress: payload.pickupaddress,
	dropoffaddress: payload.dropoffaddress,
	gender: payload.gender,
	pickupcity: payload.pickupcity,
	dropcity: payload.dropcity,
	pickuptime: payload.pickuptime
}]]></ee:set-payload>
			</ee:message>
			<ee:variables >
				<ee:set-variable variableName="uid" ><![CDATA[%dw 2.0
output application/java
---
randomInt(10000000)]]></ee:set-variable>
				<ee:set-variable variableName="pickuptime" ><![CDATA[%dw 2.0
output application/json
---
payload.pickuptime]]></ee:set-variable>
			</ee:variables>
		</ee:transform>
		<db:select doc:name="SelectCabNumber" doc:id="902176de-255e-48e0-877e-670ac7920306" target="cabnumber" config-ref="Database_Config">
			<db:sql ><![CDATA[select distinct cabnumber  from cabdetails where pickupcity = :pickupcity and dropcity = :dropcity and pickupdate = :date and pickuptime = :pickuptime and bookingstatus <> 'booked';]]></db:sql>
			<db:input-parameters ><![CDATA[#[{
	pickupcity:payload.pickupcity,
	dropcity:payload.dropcity,
	date:payload.departureDate,
	pickuptime:payload.pickuptime
}]]]></db:input-parameters>
		</db:select>
		<set-variable value="#[vars.cabnumber[0].cabnumber]" doc:name="cabnumberFromDB" doc:id="ebd15b72-ff3b-4ec7-8db2-00185291e877" variableName="cabnumber"/>
		<set-variable value="#[payload.pickupcity]" doc:name="pickupcity" doc:id="d3c88be6-2294-49a3-a723-b719986123bc" variableName="pickupcity"/>
		<set-variable value="#[payload.dropcity]" doc:name="dropcity" doc:id="10551aa1-089f-497c-90ed-c846c8a45bb5" variableName="dropcity"/>
		<set-variable value="#[payload.departureDate]" doc:name="departureDate" doc:id="39f07884-1c91-4e5f-ab06-a9af629bd62a" variableName="date"/>
		<flow-ref doc:name="PostCabRequest" doc:id="447e7f9d-eda3-4b75-8509-d82a491902cb" name="post\cabDB"/>
		<ee:transform doc:name="Transform Message" doc:id="10859042-e4b7-43db-aa59-265c8eed4e24" >
			<ee:message >
				<ee:set-payload ><![CDATA[%dw 2.0
output application/json
---
{
	RefrenceID: vars.uid,
	CabNumber: vars.cabnumber,
	Message: "Cab Booked Sucessfully"
}]]></ee:set-payload>
			</ee:message>
		</ee:transform>
		<error-handler >
			<on-error-propagate enableNotifications="true" logException="true" doc:name="On Error Propagate" doc:id="1ae39654-2002-497d-a50d-715be75b1fd9" >
				<ee:transform doc:name="Transform Error Desc" doc:id="f5894b39-7106-4d01-b8a2-d81835578b2f" >
					<ee:message >
						<ee:set-payload ><![CDATA[%dw 2.0
output application/json
---
{
	'message': error.description
}]]></ee:set-payload>
					</ee:message>
				</ee:transform>
				<logger level="INFO" doc:name="Logger" doc:id="379f9500-87a4-4c87-a356-5b76a05673cf" message="#[payload]"/>
			</on-error-propagate>
		</error-handler>
	</flow>
	<flow name="put:\cab\(ID)" doc:id="afdb4878-2a45-404d-8764-0acde2058040" >
		<ee:transform doc:name="Transform Message" doc:id="70d5e9b6-c16f-46e2-9849-f741f7d7b88d" >
			<ee:message >
				<ee:set-payload ><![CDATA[%dw 2.0
output application/json
---
{
	pickuptime: payload.pickuptime,
	Email: payload.Email,
	phoneNumber: payload.phoneNumber,
	gender: payload.gender,
	dropcity: payload.dropcity,
	pickupcity: payload.pickupcity,
	dropoffaddress: payload.dropoffaddress,
	id: payload.id,
	departureDate: payload.departureDate,
	pickupaddress: payload.pickupaddress,
	Name: payload.Name
}]]></ee:set-payload>
			</ee:message>
		</ee:transform>
		<db:select doc:name="SelectRefrenceID" doc:id="32412c01-4003-4226-bccf-0e3465ac044c" target="verifyrefrenceid" config-ref="Database_Config">
			<db:sql ><![CDATA[select refrenceid from postcab where  refrenceid =:refrenceid;]]></db:sql>
			<db:input-parameters ><![CDATA[#[{
	refrenceid: attributes.uriParams.ID
}]]]></db:input-parameters>
		</db:select>
		<try doc:name="Try" doc:id="b7edc031-22b6-4d43-b012-09c1a9868998" transactionalAction="ALWAYS_BEGIN">
			<choice doc:name="Choice" doc:id="c83f1ae1-1afa-4415-bfb4-813e1b568270" >
				<when expression="#[vars.verifyrefrenceid[0].refrenceid != null]">
					<db:delete doc:name="Delete" doc:id="0e35acb5-ed6f-40e6-af75-3aa9876d910a" target="vardelete" transactionalAction="ALWAYS_JOIN" config-ref="Database_Config">
			<db:sql><![CDATA[delete from postcab where refrenceid =:refrenceid;]]></db:sql>
			<db:input-parameters><![CDATA[#[{
	refrenceid: attributes.uriParams.ID
}]]]></db:input-parameters>
		</db:delete>
					<flow-ref doc:name="Flow Reference" doc:id="0043891e-9157-4910-aa74-4b59f0eff5ee" name="post\cab" />
				</when>
				<otherwise >
					<raise-error doc:name="Raise error" doc:id="15c515fe-6613-40af-9e73-46793532e2ab" type="CAB:INVALID_REFRENCEID" description="Invalid Refrence ID "/>
				</otherwise>
			</choice>
		</try>
		<error-handler >
			<on-error-propagate enableNotifications="true" logException="true" doc:name="On Error Propagate" doc:id="ddd9f6b7-6b00-45c1-9e5d-0e5da851ea60" >
				<ee:transform doc:name="Transform Error Desc" doc:id="929c0d37-256b-45a9-8efd-2af76e564bc2" >
					<ee:message >
						<ee:set-payload ><![CDATA[%dw 2.0
output application/json
---
{
	'message': error.description
}]]></ee:set-payload>
					</ee:message>
				</ee:transform>
				<logger level="INFO" doc:name="Logger" doc:id="9c5f8284-a3dd-46d7-8d83-b00961bf1fe9" message="#[payload]"/>
			</on-error-propagate>
		</error-handler>
	</flow>
</mule>
