<?xml version="1.0" encoding="UTF-8"?>

<mule xmlns:ee="http://www.mulesoft.org/schema/mule/ee/core" xmlns:db="http://www.mulesoft.org/schema/mule/db"
	xmlns="http://www.mulesoft.org/schema/mule/core"
	xmlns:doc="http://www.mulesoft.org/schema/mule/documentation" xmlns:xsi="http://www.w3.org/2001/XMLSchema-instance" xsi:schemaLocation="http://www.mulesoft.org/schema/mule/core http://www.mulesoft.org/schema/mule/core/current/mule.xsd
http://www.mulesoft.org/schema/mule/db http://www.mulesoft.org/schema/mule/db/current/mule-db.xsd
http://www.mulesoft.org/schema/mule/ee/core http://www.mulesoft.org/schema/mule/ee/core/current/mule-ee.xsd">
	<flow name="get\flightsDB" doc:id="684542c5-ee31-4d5c-b377-0d7cda9af078" >
		<db:select doc:name="Select all cab" doc:id="a149129d-c2ad-4d28-b7fe-403197b81a27" config-ref="Database_Config" >
			<db:sql ><![CDATA[select flightname,departuretime,arrivaltime,amount from flightinformation WHERE source = :source and destination = :destination and date = :date and availableseat IN (select availableseat from flightinformation WHERE availableseat >= :travellers);]]></db:sql>
			<db:input-parameters ><![CDATA[#[{
	"source": payload.source,
	"destination": payload.destination,
	"date": payload.date,
	"travellers":payload.travellers
}]]]></db:input-parameters>
		</db:select>
		<ee:transform doc:name="Transform Get Response" doc:id="51ca4f76-0b6b-4205-81dd-82f672e08841" >
			<ee:message >
				<ee:set-payload ><![CDATA[%dw 2.0
output application/json
---
payload map ( payload01 , indexOfPayload01 ) -> {
	flightname: payload01.flightname default "",
	departuretime: payload01.departuretime as Time default "",
	arrivaltime: payload01.arrivaltime as Time default "",
	amount: payload01.amount default ""
}]]></ee:set-payload>
			</ee:message>
		</ee:transform>
	</flow>
	<flow name="get:\flightsDB\(ID)" doc:id="20b485ec-1c2a-49d5-a711-78bea69c9b49" >
		<db:select doc:name="SelectFlightsbyID" doc:id="2d6c7ccd-3697-46d2-9575-7012204225df" config-ref="Database_Config" >
			<db:sql ><![CDATA[select name,email,phonenumber,departuredate,origin,destination,passengers,flightname,flightnumber from flightbooking where refrenceid = :id]]></db:sql>
			<db:input-parameters ><![CDATA[#[{
	
	"id" : attributes.uriParams.ID
}]]]></db:input-parameters>
		</db:select>
	</flow>
	<flow name="post\flightsDB" doc:id="6a05623e-911b-483c-b7bd-23e5616faa66" >
		<try doc:name="Try" doc:id="6bf07744-1ecb-4e62-a694-443059f0ae5b" transactionalAction="ALWAYS_BEGIN" >
			<db:select doc:name="SelectFlightNumber" doc:id="ddd89eef-bb38-49d6-a5aa-bdf77337eeaf" config-ref="Database_Config" target="flightnumberdb" >
				<db:sql ><![CDATA[select flightnumber from flightinformation WHERE source = :source and destination = :destination and date = :date and flightnumber = :flightnumber and availableseat IN (select availableseat from flightinformation WHERE availableseat >= :passengers);]]></db:sql>
				<db:input-parameters ><![CDATA[#[{
	"source": vars.origin,
	"destination": vars.destination,
	"date": vars.departuredate,
	"flightnumber" : vars.flightnumber,
	"passengers": vars.passengers
}]]]></db:input-parameters>
			</db:select>
			<ee:transform doc:name="flightnovar" doc:id="0fb48045-683f-417c-8e43-46d701c27e0f" >
				<ee:message />
				<ee:variables >
					<ee:set-variable variableName="flightnodb" ><![CDATA[%dw 2.0
output application/json
---
vars.flightnumberdb[0].flightnumber]]></ee:set-variable>
				</ee:variables>
			</ee:transform>
			<choice doc:name="Choice" doc:id="eb4d383c-716c-470a-ac6e-531bb24195b8" >
				<when expression="#[vars.flightnodb == vars.flightnumber]" >
					<db:insert doc:name="InsertFlightBooking" doc:id="cb5749c9-e071-492c-b3ac-878ffac4d3ae" config-ref="Database_Config" transactionalAction="ALWAYS_JOIN" >
						<db:sql ><![CDATA[INSERT INTO flightbooking (refrenceid,Name,Email,phoneNumber,departureDate,origin,destination,passengers,flightname,flightnumber)
VALUES (:refrenceid,:name,:email,:phoneNumber,:departureDate,:origin,:destination,:passengers,:flightname,:flightnumber);]]></db:sql>
						<db:input-parameters ><![CDATA[#[{
	"refrenceid": payload.refrenceid,
	"name": payload.Name,
	"email": payload.Email,
	"phoneNumber": payload.phoneNumber,
	"departureDate": payload.departureDate,
	"origin": payload.origin,
	"destination": payload.destination,
	"passengers": payload.passengers,
	"flightname": payload.flightname,
	"flightnumber": payload.flightnumber
}]]]></db:input-parameters>
					</db:insert>
					<db:update doc:name="UpdateAvailableseat" doc:id="b6c05049-0765-441a-a7b7-29dc69ee8ab8" config-ref="Database_Config" transactionalAction="ALWAYS_JOIN" >
						<db:sql ><![CDATA[UPDATE flightinformation SET availableseat= (flightinformation.availableseat - :availableseat) WHERE flightnumber= :flightnumber;]]></db:sql>
						<db:input-parameters ><![CDATA[#[{
	"availableseat": vars.passengers,
	"flightnumber": vars.flightnumber
}]]]></db:input-parameters>
					</db:update>
				</when>
				<otherwise >
					<raise-error doc:name="Raise error" doc:id="7e83631d-31f6-4bed-a00f-cd8ec508ccac" type="FLIGHT:INVALID_FLIGHTDETAILS" description="Invalid Flight Details" />
				</otherwise>
			</choice>
		</try>
	</flow>
	<flow name="get\cabDB" doc:id="f90809b7-c3c2-45db-8f97-c8cbad81a8f8" >
		<db:select doc:name="SelectVehicleDetails" doc:id="6c25f0c9-d32a-468f-a3c2-83fd066c7281" config-ref="Database_Config" >
			<db:sql ><![CDATA[select vehiclename,price,seater,vehicletype,cabprovider from cabdetails where pickupcity = :pickupcity and dropcity = :dropcity and pickupdate = :date and pickuptime = :pickuptime and bookingstatus <> 'booked';]]></db:sql>
			<db:input-parameters ><![CDATA[#[{
	pickupcity:payload.pickupcity,
	dropcity:payload.dropcity,
	date:payload.date,
	pickuptime:payload.pickuptime
}]]]></db:input-parameters>
		</db:select>
		<ee:transform doc:name="Transform Message" doc:id="cc9c1680-a513-4e3c-b191-0d47c243c8b5" >
			<ee:message >
				<ee:set-payload ><![CDATA[%dw 2.0
output application/json
---
payload map ( payload01 , indexOfPayload01 ) ->
{
	vehiclename: payload01.vehiclename,
	price: payload01.price ,
	seater: payload01.seater,
	vehicletype: payload01.vehicletype
}]]></ee:set-payload>
			</ee:message>
		</ee:transform>
	</flow>
	<flow name="get:\cabDB\(ID)" doc:id="879d16c0-95e7-46ba-b133-9c438862e8dc" >
		<db:select doc:name="SelectCabDetailsByID" doc:id="dfc4bc5e-e0e1-4d1a-8b8b-2abc38fd48f2" config-ref="Database_Config" >
			<db:sql ><![CDATA[select * from postcab where refrenceid = :id]]></db:sql>
			<db:input-parameters ><![CDATA[#[{
	
	"id" : attributes.uriParams.ID
}]]]></db:input-parameters>
		</db:select>
	</flow>
	<flow name="post\cabDB" doc:id="670cd327-3c05-4f0e-a10b-5086fe1c93f7" >
		<try doc:name="Try" doc:id="118282ec-dc4a-4260-a73c-c55f3906f706" transactionalAction="ALWAYS_BEGIN" >
			<choice doc:name="Choice" doc:id="d277ed14-de8b-46f0-9275-1b1a309d538a" >
				<when expression="#[vars.cabnumber != null]" >
					<db:insert doc:name="InsertCabRequest" doc:id="516d24b6-36c7-46ad-9d09-466354b70119" config-ref="Database_Config" transactionalAction="ALWAYS_JOIN" >
						<db:sql ><![CDATA[insert into postcab(name, phoneNumber, pickupaddress, dropoffaddress, email, date, gender,cabnumber,bookingstats,pickuptime,refrenceid ) values (:Name , :phoneNumber , :pickupaddress , :dropoffaddress , :Email , :departureDate , :gender, :cabnumber,:bookingstats, :pickuptime, :refrenceid);]]></db:sql>
						<db:input-parameters ><![CDATA[#[{	
	Name: payload.Name,
	Email: payload.Email,
	phoneNumber: payload.phoneNumber,
	departureDate: payload.departureDate,
	pickupaddress: payload.pickupaddress,
	dropoffaddress: payload.dropoffaddress,
	gender: payload.gender,
	cabnumber: vars.cabnumber,
	bookingstats: "booked",
	refrenceid: vars.uid,
	pickuptime: vars.pickuptime
}]]]></db:input-parameters>
					</db:insert>
					<db:update doc:name="UpdateCabStatus" doc:id="2a77e14c-dfb5-4492-bb8b-7c550d664a0e" config-ref="Database_Config" transactionalAction="ALWAYS_JOIN" >
						<db:sql ><![CDATA[UPDATE cabdetails
SET bookingstatus = 'booked' where cabnumber = :cabnumber;]]></db:sql>
						<db:input-parameters ><![CDATA[#[{
	"cabnumber": vars.cabnumber
}]]]></db:input-parameters>
					</db:update>
				</when>
				<otherwise >
					<raise-error doc:name="Raise error" doc:id="9fabb1f3-c60d-46a9-93cc-65889ebdb5a2" type="CAB:INVALID_CABNUMBER" description="Invalid Cab Details" />
				</otherwise>
			</choice>
		</try>
	</flow>
</mule>
